{
	"id": "1bb0396a-51e7-4fc4-a467-795adf3d5b58",
	"name": "Meraki Dashboard API",
	"values": [
		{
			"key": "X-Cisco-Meraki-API-Key",
			"value": "",
			"enabled": true
		},
		{
			"key": "organizationId",
			"value": "",
			"enabled": true
		},
		{
			"key": "Del-Network",
			"value": "",
			"enabled": true
		},
		{
			"key": "ssidNum",
			"value": "",
			"enabled": true
		},
		{
			"key": "serial",
			"value": "",
			"enabled": true
		},
		{
			"key": "portNum",
			"value": "",
			"enabled": true
		},
		{
			"key": "templateId",
			"value": "",
			"enabled": true
		},
		{
			"key": "orgId-del",
			"value": "",
			"enabled": true
		},
		{
			"key": "clientMac",
			"value": "",
			"enabled": true
		},
		{
			"key": "vlanId",
			"value": "",
			"enabled": true
		},
		{
			"key": "t1",
			"value": "",
			"enabled": true
		},
		{
			"key": "t0",
			"value": "",
			"enabled": true
		},
		{
			"key": "networkId",
			"value": "",
			"enabled": true
		},
		{
			"key": "baseUrl",
			"value": "",
			"enabled": true
		},
		{
			"key": "webhook-url",
			"value": "",
			"enabled": true
		},
		{
			"key": "zoneId",
			"value": "",
			"enabled": true
		}
	],
	"_postman_variable_scope": "environment",
	"_postman_exported_at": "2019-12-17T19:46:32.748Z",
	"_postman_exported_using": "Postman/7.13.0"
}