{
  "id": "16f24c13-4a0e-439c-a7b1-5feecfeefd2f",
  "name": "Connected Mobile Experiences (CMX)",
  "values": [
    {
      "key": "user",
      "value": "learning",
      "description": "",
      "type": "text",
      "enabled": true
    },
    {
      "key": "password",
      "value": "learning",
      "description": "",
      "type": "text",
      "enabled": true
    },
    {
      "key": "url",
      "value": "https://cmxlocationsandbox.cisco.com",
      "description": "",
      "type": "text",
      "enabled": true
    },
    {
      "key": "imagesource",
      "value": "domain_0_1516917614522.png",
      "description": "",
      "type": "text",
      "enabled": true
    },
    {
      "key": "clientmac",
      "value": "00:00:2a:01:00:09",
      "description": "",
      "type": "text",
      "enabled": true
    },
    {
      "key": "campus",
      "value": "DevNetCampus",
      "description": "",
      "type": "text",
      "enabled": true
    },
    {
      "key": "building",
      "value": "DevNetBuilding",
      "description": "",
      "type": "text",
      "enabled": true
    },
    {
      "key": "floor",
      "value": "DevNetZone",
      "description": "",
      "type": "text",
      "enabled": true
    },
    {
      "key": "historydate",
      "value": "2018/04/20",
      "description": "",
      "type": "text",
      "enabled": true
    },
    {
      "key": "initials",
      "value": "mjd",
      "description": "",
      "type": "text",
      "enabled": true
    }
  ],
  "_postman_variable_scope": "environment",
  "_postman_exported_at": "2018-05-07T15:12:30.028Z",
  "_postman_exported_using": "Postman/6.0.10"
}