{
  "id": "6e325ca2-de90-42c2-a036-90246362b3b3",
  "name": "Dashboard API - Empty.template",
  "values": [
    {
      "type": "text",
      "enabled": true,
      "key": "X-Cisco-Meraki-API-Key",
      "value": ""
    },
    {
      "type": "text",
      "enabled": true,
      "key": "organizationId",
      "value": ""
    },
    {
      "type": "text",
      "enabled": true,
      "key": "networkId",
      "value": ""
    },
    {
      "type": "text",
      "enabled": true,
      "key": "Del-Network",
      "value": ""
    },
    {
      "type": "text",
      "enabled": true,
      "key": "ssidNum",
      "value": ""
    },
    {
      "type": "text",
      "enabled": true,
      "key": "serial",
      "value": ""
    },
    {
      "type": "text",
      "enabled": true,
      "key": "portNum",
      "value": ""
    },
    {
      "type": "text",
      "enabled": true,
      "key": "templateId",
      "value": ""
    },
    {
      "type": "text",
      "enabled": true,
      "key": "shard",
      "value": "api"
    },
    {
      "type": "text",
      "enabled": true,
      "key": "postman_api_key",
      "value": ""
    },
    {
      "type": "text",
      "enabled": true,
      "key": "orgId-del",
      "value": ""
    },
    {
      "type": "text",
      "enabled": true,
      "key": "clientMac",
      "value": ""
    },
    {
      "type": "text",
      "enabled": true,
      "key": "vlanId",
      "value": "",
      "description": ""
    }
  ],
  "_postman_variable_scope": "environment",
  "_postman_exported_at": "2018-04-05T19:14:42.808Z",
  "_postman_exported_using": "Postman/6.0.10"
}