{"tunnels":[{"name":"command_line (http)","uri":"/api/tunnels/command_line+%28http%29","public_url":"http://9b7c70d6.ngrok.io","proto":"http","config":{"addr":"localhost:5004","inspect":true},"metrics":{"conns":{"count":13,"gauge":0,"rate1":0.04321999474698906,"rate5":0.02245139552982324,"rate15":0.011334399438262893,"p50":13420000,"p90":107266100999.99998,"p95":127656243000,"p99":127656243000},"http":{"count":11,"rate1":0.029455705348735563,"rate5":0.017841150845555907,"rate15":0.009403967773820717,"p50":6821000,"p90":1093429800.000001,"p95":1347143000,"p99":1347143000}}},{"name":"command_line","uri":"/api/tunnels/command_line","public_url":"https://9b7c70d6.ngrok.io","proto":"https","config":{"addr":"localhost:5004","inspect":true},"metrics":{"conns":{"count":0,"gauge":0,"rate1":0,"rate5":0,"rate15":0,"p50":0,"p90":0,"p95":0,"p99":0},"http":{"count":0,"rate1":0,"rate5":0,"rate15":0,"p50":0,"p90":0,"p95":0,"p99":0}}}],"uri":"/api/tunnels"}
