{
	"info": {
		"name": "DevNet Learning Labs: Intro to Model Driven Programmability",
		"_postman_id": "825f3d01-a7dc-f2ce-874f-3d153dffd9a1",
		"description": "",
		"schema": "https://schema.getpostman.com/json/collection/v2.1.0/collection.json"
	},
	"item": [
		{
			"name": "RESTCONF",
			"description": null,
			"item": [
				{
					"name": "Read the top level REST resource",
					"request": {
						"auth": {
							"type": "basic",
							"basic": [
								{
									"key": "username",
									"value": "{{username}}",
									"type": "string"
								},
								{
									"key": "password",
									"value": "{{password}}",
									"type": "string"
								},
								{
									"key": "saveHelperData",
									"value": true,
									"type": "boolean"
								},
								{
									"key": "showPassword",
									"value": false,
									"type": "boolean"
								}
							]
						},
						"method": "GET",
						"header": [
							{
								"key": "Content-Type",
								"value": "application/yang-data+json"
							},
							{
								"key": "Accept",
								"value": "application/yang-data+json"
							},
							{
								"key": "Authorization",
								"value": "Basic dmFncmFudDp2YWdyYW50"
							}
						],
						"body": {
							"mode": "raw",
							"raw": ""
						},
						"url": {
							"raw": "https://{{host}}:{{port}}/.well-known/host-meta",
							"protocol": "https",
							"host": [
								"{{host}}"
							],
							"port": "{{port}}",
							"path": [
								".well-known",
								"host-meta"
							]
						},
						"description": "/api is the top level REST resource.\nReading this resource shows what datastores\nare available and what operations are available.\n\nOperations are executed by sending a GET command\nto the URL identified for the operation."
					},
					"response": []
				},
				{
					"name": "Read Top Level RESTCONF",
					"request": {
						"auth": {
							"type": "basic",
							"basic": [
								{
									"key": "username",
									"value": "{{username}}",
									"type": "string"
								},
								{
									"key": "password",
									"value": "{{password}}",
									"type": "string"
								},
								{
									"key": "saveHelperData",
									"value": true,
									"type": "boolean"
								},
								{
									"key": "showPassword",
									"value": false,
									"type": "boolean"
								}
							]
						},
						"method": "GET",
						"header": [
							{
								"key": "Content-Type",
								"value": "application/yang-data+json"
							},
							{
								"key": "Accept",
								"value": "application/yang-data+json"
							},
							{
								"key": "Authorization",
								"value": "Basic dmFncmFudDp2YWdyYW50"
							}
						],
						"body": {},
						"url": {
							"raw": "https://{{host}}:{{port}}/restconf",
							"protocol": "https",
							"host": [
								"{{host}}"
							],
							"port": "{{port}}",
							"path": [
								"restconf"
							]
						},
						"description": ""
					},
					"response": []
				},
				{
					"name": "Read models implemented by the device",
					"event": [
						{
							"listen": "test",
							"script": {
								"type": "text/javascript",
								"exec": [
									"tests[\"Body matches string\"] = responseBody.has(\"interface\");"
								]
							}
						}
					],
					"request": {
						"auth": {
							"type": "basic",
							"basic": [
								{
									"key": "username",
									"value": "{{username}}",
									"type": "string"
								},
								{
									"key": "password",
									"value": "{{password}}",
									"type": "string"
								},
								{
									"key": "saveHelperData",
									"value": true,
									"type": "boolean"
								},
								{
									"key": "showPassword",
									"value": false,
									"type": "boolean"
								}
							]
						},
						"method": "GET",
						"header": [
							{
								"key": "Content-Type",
								"value": "application/yang-data+json"
							},
							{
								"key": "Accept",
								"value": "application/yang-data+json"
							},
							{
								"key": "Authorization",
								"value": "Basic dmFncmFudDp2YWdyYW50"
							}
						],
						"body": {
							"mode": "raw",
							"raw": ""
						},
						"url": {
							"raw": "https://{{host}}:{{port}}/restconf/data/netconf-state/capabilities",
							"protocol": "https",
							"host": [
								"{{host}}"
							],
							"port": "{{port}}",
							"path": [
								"restconf",
								"data",
								"netconf-state",
								"capabilities"
							]
						},
						"description": "This command reads a subset of the information available\nin the ietf-netconf-monitoring model.  The information returned\nis the list of all models, revisions, deviations on this device.\n\nUsing this command is the definitive way to determine the exact\nimplementation and versions on the device.  This information can\nbe used by an intelligent management client to make decisions\non how to use the RESTCONF interface.\n\nThis example for the ietf-interfaces model identifies the \nrevision data as 5.8.2014 and lists specific feature options\nsupported and also the name of the module applying deviations \nthat change the information exposed by the model.\n\n      \"urn:ietf:params:xml:ns:yang:\n      ietf-interfaces?module=ietf-interfaces&\n      revision=2014-05-08&features=pre-provisioning,if-mib,\n      arbitrary-names&deviations=ietf-ip-devs\",\n"
					},
					"response": []
				},
				{
					"name": "Read ietf-yang-library",
					"event": [
						{
							"listen": "test",
							"script": {
								"type": "text/javascript",
								"exec": [
									"tests[\"Body matches string\"] = responseBody.has(\"interface\");"
								]
							}
						}
					],
					"request": {
						"auth": {
							"type": "basic",
							"basic": [
								{
									"key": "username",
									"value": "{{username}}",
									"type": "string"
								},
								{
									"key": "password",
									"value": "{{password}}",
									"type": "string"
								},
								{
									"key": "saveHelperData",
									"value": true,
									"type": "boolean"
								},
								{
									"key": "showPassword",
									"value": false,
									"type": "boolean"
								}
							]
						},
						"method": "GET",
						"header": [
							{
								"key": "Content-Type",
								"value": "application/yang-data+json"
							},
							{
								"key": "Accept",
								"value": "application/yang-data+json"
							},
							{
								"key": "Authorization",
								"value": "Basic dmFncmFudDp2YWdyYW50"
							}
						],
						"body": {},
						"url": {
							"raw": "https://{{host}}:{{port}}/restconf/data/ietf-yang-library:modules-state",
							"protocol": "https",
							"host": [
								"{{host}}"
							],
							"port": "{{port}}",
							"path": [
								"restconf",
								"data",
								"ietf-yang-library:modules-state"
							]
						},
						"description": "This command reads a subset of the information available\nin the ietf-netconf-monitoring model.  The information returned\nis the list of all models, revisions, deviations on this device.\n\nUsing this command is the definitive way to determine the exact\nimplementation and versions on the device.  This information can\nbe used by an intelligent management client to make decisions\non how to use the RESTCONF interface.\n\nThis example for the ietf-interfaces model identifies the \nrevision data as 5.8.2014 and lists specific feature options\nsupported and also the name of the module applying deviations \nthat change the information exposed by the model.\n\n      \"urn:ietf:params:xml:ns:yang:\n      ietf-interfaces?module=ietf-interfaces&\n      revision=2014-05-08&features=pre-provisioning,if-mib,\n      arbitrary-names&deviations=ietf-ip-devs\",\n"
					},
					"response": []
				},
				{
					"name": "Read ietf-interfaces list of interfaces",
					"request": {
						"auth": {
							"type": "basic",
							"basic": [
								{
									"key": "username",
									"value": "{{username}}",
									"type": "string"
								},
								{
									"key": "password",
									"value": "{{password}}",
									"type": "string"
								},
								{
									"key": "saveHelperData",
									"value": true,
									"type": "boolean"
								},
								{
									"key": "showPassword",
									"value": false,
									"type": "boolean"
								}
							]
						},
						"method": "GET",
						"header": [
							{
								"key": "Content-Type",
								"value": "application/yang-data+json"
							},
							{
								"key": "Accept",
								"value": "application/yang-data+json"
							},
							{
								"key": "Authorization",
								"value": "Basic dmFncmFudDp2YWdyYW50"
							}
						],
						"body": {},
						"url": {
							"raw": "https://{{host}}:{{port}}/restconf/data/ietf-interfaces:interfaces",
							"protocol": "https",
							"host": [
								"{{host}}"
							],
							"port": "{{port}}",
							"path": [
								"restconf",
								"data",
								"ietf-interfaces:interfaces"
							]
						},
						"description": "This message uses the ietf-interface model to read\na list of the names of each interface managed using\nthe model.  The model mapping infrastructure converts\nthe native model configuration into the form defined\nby the ietf-interfaces common model\n\n{\n  \"ietf-interfaces:interfaces\": {\n    \"interface\": [\n      {\n        \"name\": \"FastEthernet0/0/0\"\n      },\n      {\n        \"name\": \"FastEthernet0/0/1\"\n      },\n      {\n        \"name\": \"FastEthernet0/0/2\"\n      },"
					},
					"response": []
				},
				{
					"name": "Read ietf-interfaces single interface",
					"request": {
						"auth": {
							"type": "basic",
							"basic": [
								{
									"key": "username",
									"value": "{{username}}",
									"type": "string"
								},
								{
									"key": "password",
									"value": "{{password}}",
									"type": "string"
								},
								{
									"key": "saveHelperData",
									"value": true,
									"type": "boolean"
								},
								{
									"key": "showPassword",
									"value": false,
									"type": "boolean"
								}
							]
						},
						"method": "GET",
						"header": [
							{
								"key": "Content-Type",
								"value": "application/yang-data+json"
							},
							{
								"key": "Accept",
								"value": "application/yang-data+json"
							},
							{
								"key": "Authorization",
								"value": "Basic dmFncmFudDp2YWdyYW50"
							}
						],
						"body": {},
						"url": {
							"raw": "https://{{host}}:{{port}}/restconf/data/ietf-interfaces:interfaces/interface=GigabitEthernet2",
							"protocol": "https",
							"host": [
								"{{host}}"
							],
							"port": "{{port}}",
							"path": [
								"restconf",
								"data",
								"ietf-interfaces:interfaces",
								"interface=GigabitEthernet2"
							]
						},
						"description": "This reads a single interface from the IOS XE box which already has been configured as a 802.1Q subinterface"
					},
					"response": []
				},
				{
					"name": "Configure ietf-interfaces single interface",
					"request": {
						"auth": {
							"type": "basic",
							"basic": [
								{
									"key": "username",
									"value": "{{username}}",
									"type": "string"
								},
								{
									"key": "password",
									"value": "{{password}}",
									"type": "string"
								},
								{
									"key": "saveHelperData",
									"value": true,
									"type": "boolean"
								},
								{
									"key": "showPassword",
									"value": false,
									"type": "boolean"
								}
							]
						},
						"method": "PUT",
						"header": [
							{
								"key": "Authorization",
								"value": "Basic cm9vdDpjaXNjbzEyMw=="
							},
							{
								"key": "Accept",
								"value": "application/yang-data+json"
							},
							{
								"key": "Content-Type",
								"value": "application/yang-data+json"
							}
						],
						"body": {
							"mode": "raw",
							"raw": "{\n    \"ietf-interfaces:interface\": {\n        \"name\": \"GigabitEthernet2\",\n        \"description\": \"Configured by RESTCONF\",\n        \"type\": \"iana-if-type:ethernetCsmacd\",\n        \"enabled\": true,\n        \"ietf-ip:ipv4\": {\n            \"address\": [\n                {\n                    \"ip\": \"10.255.255.1\",\n                    \"netmask\": \"255.255.255.0\"\n                }\n            ]\n        }\n    }\n}"
						},
						"url": {
							"raw": "https://{{host}}:{{port}}/restconf/data/ietf-interfaces:interfaces/interface=GigabitEthernet2",
							"protocol": "https",
							"host": [
								"{{host}}"
							],
							"port": "{{port}}",
							"path": [
								"restconf",
								"data",
								"ietf-interfaces:interfaces",
								"interface=GigabitEthernet2"
							]
						}
					},
					"response": []
				},
				{
					"name": "Add new loopback interface",
					"request": {
						"auth": {
							"type": "basic",
							"basic": [
								{
									"key": "username",
									"value": "{{username}}",
									"type": "string"
								},
								{
									"key": "password",
									"value": "{{password}}",
									"type": "string"
								},
								{
									"key": "saveHelperData",
									"value": true,
									"type": "boolean"
								},
								{
									"key": "showPassword",
									"value": false,
									"type": "boolean"
								}
							]
						},
						"method": "POST",
						"header": [
							{
								"key": "Authorization",
								"value": "Basic cm9vdDpjaXNjbzEyMw=="
							},
							{
								"key": "Accept",
								"value": "application/yang-data+json"
							},
							{
								"key": "Content-Type",
								"value": "application/yang-data+json"
							}
						],
						"body": {
							"mode": "raw",
							"raw": "{\n    \"ietf-interfaces:interface\": {\n        \"name\": \"Loopback100\",\n        \"description\": \"Configured by RESTCONF\",\n        \"type\": \"iana-if-type:softwareLoopback\",\n        \"enabled\": true,\n        \"ietf-ip:ipv4\": {\n            \"address\": [\n                {\n                    \"ip\": \"172.16.100.1\",\n                    \"netmask\": \"255.255.255.0\"\n                }\n            ]\n        }\n    }\n}"
						},
						"url": {
							"raw": "https://{{host}}:{{port}}/restconf/data/ietf-interfaces:interfaces",
							"protocol": "https",
							"host": [
								"{{host}}"
							],
							"port": "{{port}}",
							"path": [
								"restconf",
								"data",
								"ietf-interfaces:interfaces"
							]
						}
					},
					"response": []
				},
				{
					"name": "Delete Loopback Interface",
					"request": {
						"auth": {
							"type": "basic",
							"basic": [
								{
									"key": "username",
									"value": "{{username}}",
									"type": "string"
								},
								{
									"key": "password",
									"value": "{{password}}",
									"type": "string"
								},
								{
									"key": "saveHelperData",
									"value": true,
									"type": "boolean"
								},
								{
									"key": "showPassword",
									"value": false,
									"type": "boolean"
								}
							]
						},
						"method": "DELETE",
						"header": [
							{
								"key": "Content-Type",
								"value": "application/yang-data+json"
							},
							{
								"key": "Accept",
								"value": "application/yang-data+json"
							},
							{
								"key": "Authorization",
								"value": "Basic dmFncmFudDp2YWdyYW50"
							}
						],
						"body": {},
						"url": {
							"raw": "https://{{host}}:{{port}}/restconf/data/ietf-interfaces:interfaces/interface=Loopback100",
							"protocol": "https",
							"host": [
								"{{host}}"
							],
							"port": "{{port}}",
							"path": [
								"restconf",
								"data",
								"ietf-interfaces:interfaces",
								"interface=Loopback100"
							]
						},
						"description": ""
					},
					"response": []
				},
				{
					"name": "Read native device single interface",
					"request": {
						"auth": {
							"type": "basic",
							"basic": [
								{
									"key": "username",
									"value": "{{username}}",
									"type": "string"
								},
								{
									"key": "password",
									"value": "{{password}}",
									"type": "string"
								},
								{
									"key": "saveHelperData",
									"value": true,
									"type": "boolean"
								},
								{
									"key": "showPassword",
									"value": false,
									"type": "boolean"
								}
							]
						},
						"method": "GET",
						"header": [
							{
								"key": "Content-Type",
								"value": "application/yang-data+json"
							},
							{
								"key": "Accept",
								"value": "application/yang-data+json"
							},
							{
								"key": "Authorization",
								"value": "Basic dmFncmFudDp2YWdyYW50"
							}
						],
						"body": {},
						"url": {
							"raw": "https://{{host}}:{{port}}/restconf/data/Cisco-IOS-XE-native:native/interface/GigabitEthernet=2",
							"protocol": "https",
							"host": [
								"{{host}}"
							],
							"port": "{{port}}",
							"path": [
								"restconf",
								"data",
								"Cisco-IOS-XE-native:native",
								"interface",
								"GigabitEthernet=2"
							]
						},
						"description": "This reads a single interface from the IOS XE box which already has been configured as a 802.1Q subinterface\nIt uses the native device model (e.g. NED, network element driver)"
					},
					"response": []
				},
				{
					"name": "Operational State interfaces",
					"request": {
						"auth": {
							"type": "basic",
							"basic": [
								{
									"key": "username",
									"value": "{{username}}",
									"type": "string"
								},
								{
									"key": "password",
									"value": "{{password}}",
									"type": "string"
								},
								{
									"key": "saveHelperData",
									"value": true,
									"type": "boolean"
								},
								{
									"key": "showPassword",
									"value": false,
									"type": "boolean"
								}
							]
						},
						"method": "GET",
						"header": [
							{
								"key": "Content-Type",
								"value": "application/yang-data+json"
							},
							{
								"key": "Accept",
								"value": "application/yang-data+json"
							},
							{
								"key": "Authorization",
								"value": "Basic dmFncmFudDp2YWdyYW50"
							}
						],
						"body": {
							"mode": "raw",
							"raw": ""
						},
						"url": {
							"raw": "https://{{host}}:{{port}}/restconf/data/ietf-interfaces:interfaces-state/",
							"protocol": "https",
							"host": [
								"{{host}}"
							],
							"port": "{{port}}",
							"path": [
								"restconf",
								"data",
								"ietf-interfaces:interfaces-state",
								""
							]
						}
					},
					"response": []
				},
				{
					"name": "Read native hostname",
					"request": {
						"auth": {
							"type": "basic",
							"basic": [
								{
									"key": "username",
									"value": "{{username}}",
									"type": "string"
								},
								{
									"key": "password",
									"value": "{{password}}",
									"type": "string"
								},
								{
									"key": "saveHelperData",
									"value": true,
									"type": "boolean"
								},
								{
									"key": "showPassword",
									"value": false,
									"type": "boolean"
								}
							]
						},
						"method": "GET",
						"header": [
							{
								"key": "Authorization",
								"value": "Basic cm9vdDpjaXNjbzEyMw=="
							},
							{
								"key": "Content-Type",
								"value": "application/yang-data+json"
							},
							{
								"key": "Accept",
								"value": "application/yang-data+json"
							}
						],
						"body": {
							"mode": "raw",
							"raw": ""
						},
						"url": {
							"raw": "https://{{host}}:{{port}}/restconf/data/Cisco-IOS-XE-native:native/hostname",
							"protocol": "https",
							"host": [
								"{{host}}"
							],
							"port": "{{port}}",
							"path": [
								"restconf",
								"data",
								"Cisco-IOS-XE-native:native",
								"hostname"
							]
						}
					},
					"response": []
				},
				{
					"name": "Retrieve the Server Module Information",
					"event": [
						{
							"listen": "test",
							"script": {
								"type": "text/javascript",
								"exec": [
									"tests[\"Body matches string\"] = responseBody.has(\"interface\");"
								]
							}
						}
					],
					"request": {
						"auth": {
							"type": "basic",
							"basic": [
								{
									"key": "username",
									"value": "{{username}}",
									"type": "string"
								},
								{
									"key": "password",
									"value": "{{password}}",
									"type": "string"
								},
								{
									"key": "saveHelperData",
									"value": true,
									"type": "boolean"
								},
								{
									"key": "showPassword",
									"value": false,
									"type": "boolean"
								}
							]
						},
						"method": "GET",
						"header": [
							{
								"key": "Content-Type",
								"value": "application/yang-data+json"
							},
							{
								"key": "Accept",
								"value": "application/yang-data+json"
							},
							{
								"key": "Authorization",
								"value": "Basic dmFncmFudDp2YWdyYW50"
							}
						],
						"body": {},
						"url": {
							"raw": "https://{{host}}:{{port}}/restconf/data/ietf-yang-library:modules-state",
							"protocol": "https",
							"host": [
								"{{host}}"
							],
							"port": "{{port}}",
							"path": [
								"restconf",
								"data",
								"ietf-yang-library:modules-state"
							]
						},
						"description": ""
					},
					"response": []
				},
				{
					"name": "Retrieve RESTCONF Monitoring Capabilities",
					"event": [
						{
							"listen": "test",
							"script": {
								"type": "text/javascript",
								"exec": [
									"tests[\"Body matches string\"] = responseBody.has(\"interface\");"
								]
							}
						}
					],
					"request": {
						"auth": {
							"type": "basic",
							"basic": [
								{
									"key": "username",
									"value": "{{username}}",
									"type": "string"
								},
								{
									"key": "password",
									"value": "{{password}}",
									"type": "string"
								},
								{
									"key": "saveHelperData",
									"value": true,
									"type": "boolean"
								},
								{
									"key": "showPassword",
									"value": false,
									"type": "boolean"
								}
							]
						},
						"method": "GET",
						"header": [
							{
								"key": "Content-Type",
								"value": "application/yang-data+json"
							},
							{
								"key": "Accept",
								"value": "application/yang-data+json"
							},
							{
								"key": "Authorization",
								"value": "Basic dmFncmFudDp2YWdyYW50"
							}
						],
						"body": {},
						"url": {
							"raw": "https://{{host}}:{{port}}/restconf/data/ietf-restconf-monitoring:restconf-state/capabilities",
							"protocol": "https",
							"host": [
								"{{host}}"
							],
							"port": "{{port}}",
							"path": [
								"restconf",
								"data",
								"ietf-restconf-monitoring:restconf-state",
								"capabilities"
							]
						},
						"description": ""
					},
					"response": []
				},
				{
					"name": "Filter Fields Returned in Response",
					"request": {
						"auth": {
							"type": "basic",
							"basic": [
								{
									"key": "username",
									"value": "{{username}}",
									"type": "string"
								},
								{
									"key": "password",
									"value": "{{password}}",
									"type": "string"
								},
								{
									"key": "saveHelperData",
									"value": true,
									"type": "boolean"
								},
								{
									"key": "showPassword",
									"value": false,
									"type": "boolean"
								}
							]
						},
						"method": "GET",
						"header": [
							{
								"key": "Content-Type",
								"value": "application/yang-data+json"
							},
							{
								"key": "Accept",
								"value": "application/yang-data+json"
							},
							{
								"key": "Authorization",
								"value": "Basic dmFncmFudDp2YWdyYW50"
							}
						],
						"body": {},
						"url": {
							"raw": "https://{{host}}:{{port}}/restconf/data/Cisco-IOS-XE-native:native/interface/GigabitEthernet=2?fields=Cisco-IOS-XE-native:GigabitEthernet(name;description;ip)&depth=unbounded",
							"protocol": "https",
							"host": [
								"{{host}}"
							],
							"port": "{{port}}",
							"path": [
								"restconf",
								"data",
								"Cisco-IOS-XE-native:native",
								"interface",
								"GigabitEthernet=2"
							],
							"query": [
								{
									"key": "fields",
									"value": "Cisco-IOS-XE-native:GigabitEthernet(name;description;ip)",
									"equals": true
								},
								{
									"key": "depth",
									"value": "unbounded",
									"equals": true
								}
							]
						},
						"description": ""
					},
					"response": []
				},
				{
					"name": "IOS XE Save Configuration RPC",
					"event": [
						{
							"listen": "test",
							"script": {
								"type": "text/javascript",
								"exec": [
									"tests[\"Body matches string\"] = responseBody.has(\"interface\");"
								]
							}
						}
					],
					"request": {
						"auth": {
							"type": "basic",
							"basic": [
								{
									"key": "username",
									"value": "{{username}}",
									"type": "string"
								},
								{
									"key": "password",
									"value": "{{password}}",
									"type": "string"
								},
								{
									"key": "saveHelperData",
									"value": true,
									"type": "boolean"
								},
								{
									"key": "showPassword",
									"value": false,
									"type": "boolean"
								}
							]
						},
						"method": "POST",
						"header": [
							{
								"key": "Content-Type",
								"value": "application/yang-data+json"
							},
							{
								"key": "Accept",
								"value": "application/yang-data+json"
							},
							{
								"key": "Authorization",
								"value": "Basic dmFncmFudDp2YWdyYW50"
							}
						],
						"body": {},
						"url": {
							"raw": "https://{{host}}:{{port}}/restconf/operations/cisco-ia:save-config/",
							"protocol": "https",
							"host": [
								"{{host}}"
							],
							"port": "{{port}}",
							"path": [
								"restconf",
								"operations",
								"cisco-ia:save-config",
								""
							]
						},
						"description": ""
					},
					"response": []
				}
			]
		}
	]
}