{
  "id": "154579bc-c45e-516a-6a0c-815699215142",
  "name": "DevNet Sandbox RESTCONF Always On",
  "values": [
    {
      "enabled": true,
      "key": "host",
      "value": "ios-xe-mgmt.cisco.com",
      "type": "text"
    },
    {
      "enabled": true,
      "key": "port",
      "value": "9443",
      "type": "text"
    },
    {
      "enabled": true,
      "key": "username",
      "value": "admin",
      "type": "text"
    },
    {
      "enabled": true,
      "key": "password",
      "value": "C1sco12345",
      "type": "text"
    }
  ],
  "timestamp": 1522888661572,
  "_postman_variable_scope": "environment",
  "_postman_exported_at": "2018-04-05T01:23:52.124Z",
  "_postman_exported_using": "Postman/5.5.2"
}
