{
  "id": "e692d61f-51fc-23ed-5d5d-507fcc945221",
  "name": "DevNet Express DNA CSR1",
  "values": [
    {
      "enabled": true,
      "key": "host",
      "value": "198.18.134.11",
      "type": "text"
    },
    {
      "enabled": true,
      "key": "port",
      "value": "443",
      "type": "text"
    },
    {
      "enabled": true,
      "key": "username",
      "value": "admin",
      "type": "text"
    },
    {
      "enabled": true,
      "key": "password",
      "value": "C1sco12345",
      "type": "text"
    }
  ],
  "timestamp": 1522888711161,
  "_postman_variable_scope": "environment",
  "_postman_exported_at": "2018-04-05T01:23:38.429Z",
  "_postman_exported_using": "Postman/5.5.2"
}