{
  "id": "f0ac2677-5042-b238-37dc-075909ae6a50",
  "name": "DevNet Express DNA CSR2",
  "values": [
    {
      "enabled": true,
      "key": "host",
      "value": "198.18.134.12",
      "type": "text"
    },
    {
      "enabled": true,
      "key": "port",
      "value": "443",
      "type": "text"
    },
    {
      "enabled": true,
      "key": "username",
      "value": "admin",
      "type": "text"
    },
    {
      "enabled": true,
      "key": "password",
      "value": "C1sco12345",
      "type": "text"
    }
  ],
  "timestamp": 1522888733348,
  "_postman_variable_scope": "environment",
  "_postman_exported_at": "2018-04-05T01:23:42.898Z",
  "_postman_exported_using": "Postman/5.5.2"
}